BOROUGH,NEIGHBORHOOD,ZIP CODE
4,SO JAMAICA BAISLEY PARK,11434
3,BAY RIDGE,11209
5,ROSEBANK,10305
4,COLLEGE POINT,11356
4,SO JAMAICA BAISLEY PARK,11436
3,WILLIAMSBURG NORTH,11211
4,OZONE PARK,11417
3,CYPRESS HILLS,11208
5,NEW DORP,10306
3,BEDFORD STUYVESANT,11221
3,FLATBUSH EAST,11203
3,DYKER HEIGHTS,11228
2,WILLIAMSBRIDGE,10467
4,FLUSHING NORTH,11354
5,MARINERS HARBOR,10303
4,SPRINGFIELD GARDENS,11434
5,ELTINGVILLE,10312
5,PORT RICHMOND,10302
2,CROTONA PARK,10460
4,LONG ISLAND CITY,11101
4,FLUSHING NORTH,11355
3,EAST NEW YORK,11208
3,FLATBUSH EAST,11234
3,CYPRESS HILLS,11207
3,SUNSET PARK,11220
4,ASTORIA,11105
4,REGO PARK,11374
3,BENSONHURST,11204
2,BRONXDALE,10467
4,ROSEDALE,11413
4,JACKSON HEIGHTS,11377
4,SOUTH OZONE PARK,11420
4,MASPETH,11378
5,TOTTENVILLE,10307
3,OCEAN PARKWAY NORTH,11223
4,MIDDLE VILLAGE,11379
2,MOTT HAVEN PORT MORRIS,10454
4,LAURELTON,11413
4,RICHMOND HILL,11418
5,WEST NEW BRIGHTON,10310
4,FLUSHING SOUTH,11365
4,RIDGEWOOD,11385
3,FLATBUSH NORTH,11203
4,JAMAICA HILLS,11432
3,CANARSIE,11236
3,KENSINGTON,11218
4,GLENDALE,11385
4,FLUSHING SOUTH,11367
4,CAMBRIA HEIGHTS,11411
2,MORRISANIA LONGWOOD,10460
2,BELMONT,10458
4,HOLLIS,11423
4,FLUSHING NORTH,11358
5,GREAT KILLS,10308
3,BATH BEACH,11214
3,EAST NEW YORK,11207
5,TOMPKINSVILLE,10304
2,BEDFORD PARK NORWOOD,10458
5,NEW SPRINGVILLE,10314
4,NEPONSIT,11694
2,COUNTRY CLUB,10465
4,BELLE HARBOR,11694
3,GREENPOINT,11222
4,SOUTH JAMAICA,11433
4,MASPETH,11379
5,CASTLETON CORNERS,10314
4,ROSEDALE,11422
5,ROSSVILLE,10309
4,JAMAICA ESTATES,11432
3,FLATBUSH EAST,11210
5,MANOR HEIGHTS,10314
4,ST ALBANS,11412
4,ASTORIA,11103
5,PRINCES BAY,10309
3,PARK SLOPE,11215
4,WOODSIDE,11377
5,GREAT KILLS,10312
3,SUNSET PARK,11215
5,ARDEN HEIGHTS,10312
2,RIVERDALE,10471
5,WESTERLEIGH,10302
3,BAY RIDGE,11220
2,MORRIS PARK VAN NEST,10462
3,GRAVESEND,11204
4,CORONA,11368
4,ARVERNE,11691
3,BEDFORD STUYVESANT,11233
3,BEDFORD STUYVESANT,11216
3,OCEAN HILL,11233
3,SHEEPSHEAD BAY,11235
3,WILLIAMSBURG CENTRAL,11211
4,JAMAICA,11432
1,MANHATTAN VALLEY,10025
4,EAST ELMHURST,11369
4,FLORAL PARK,11001
4,WOODHAVEN,11421
5,BULLS HEAD,10314
3,BUSHWICK,11237
3,MADISON,11229
3,BUSHWICK,11221
2,SCHUYLERVILLE PELHAM BAY,10465
4,FRESH MEADOWS,11366
4,HILLCREST,11432
5,SOUTH BEACH,10305
4,BELLEROSE,11426
5,ROSSVILLE,10312
2,THROGS NECK,10465
4,FLUSHING NORTH,11357
3,FLATBUSH NORTH,11212
4,FAR ROCKAWAY,11691
4,ASTORIA,11102
2,MELROSE CONCOURSE,10452
4,FLUSHING NORTH,11365
3,BEDFORD STUYVESANT,11205
3,BENSONHURST,11228
2,HIGHBRIDGE MORRIS HEIGHTS,10453
3,CARROLL GARDENS,11231
3,BOROUGH PARK,11219
4,SOUTH JAMAICA,11435
3,GRAVESEND,11214
4,FOREST HILLS,11375
2,PARKCHESTER,10462
2,KINGSBRIDGE HTS UNIV HTS,10468
3,CROWN HEIGHTS,11213
4,BAYSIDE,11361
3,OLD MILL BASIN,11234
3,MILL BASIN,11234
5,ANNADALE,10312
3,BENSONHURST,11214
3,CONEY ISLAND,11224
5,CASTLETON CORNERS,10310
5,STAPLETON,10304
4,JAMAICA,11435
2,WILLIAMSBRIDGE,10466
2,BRONXDALE,10469
4,ELMHURST,11373
3,MARINE PARK,11234
4,QUEENS VILLAGE,11428
4,HOLLISWOOD,11423
3,FORT GREENE,11205
3,SHEEPSHEAD BAY,11229
2,MELROSE CONCOURSE,10456
4,LITTLE NECK,11363
1,CHELSEA,10011
3,BRIGHTON BEACH,11235
5,HUGUENOT,10312
3,MANHATTAN BEACH,11235
5,NEW BRIGHTON,10301
4,RICHMOND HILL,11419
4,WHITESTONE,11357
2,SCHUYLERVILLE PELHAM BAY,10461
4,BAYSIDE,11364
5,SUNNYSIDE,10301
3,GERRITSEN BEACH,11229
4,FLUSHING SOUTH,11366
4,BAYSIDE,11358
3,WILLIAMSBURG EAST,11211
3,FLATBUSH CENTRAL,11226
3,MIDWOOD,11210
2,MORRISANIA LONGWOOD,10459
3,BROWNSVILLE,11212
3,GOWANUS,11217
3,OCEAN PARKWAY SOUTH,11223
4,QUEENS VILLAGE,11429
4,HOLLIS HILLS,11427
5,GRASMERE,10304
4,OZONE PARK,11416
4,HOWARD BEACH,11414
3,BERGEN BEACH,11234
2,HUNTS POINT,10474
2,BAYCHESTER,10475
2,PELHAM PARKWAY NORTH,10469
2,BAYCHESTER,10466
4,BROAD CHANNEL,11693
3,MIDWOOD,11230
2,WESTCHESTER,10461
2,BAYCHESTER,10469
5,WILLOWBROOK,10314
5,ARROCHAR,10305
2,MORRIS PARK VAN NEST,10461
5,CONCORD,10304
2,PELHAM PARKWAY SOUTH,10461
1,HARLEM UPPER,10031
3,BOROUGH PARK,11204
2,SOUNDVIEW,10472
2,WILLIAMSBRIDGE,10469
3,COBBLE HILL WEST,11231
3,SUNSET PARK,11232
4,BRIARWOOD,11435
3,BUSHWICK,11207
2,BATHGATE,10457
4,ASTORIA,11106
3,FLATBUSH LEFFERTS GARDEN,11225
4,SPRINGFIELD GARDENS,11413
5,RICHMONDTOWN,10306
5,NEW DORP HEIGHTS,10306
4,JACKSON HEIGHTS,11369
5,HUGUENOT,10309
3,MARINE PARK,11229
4,SPRINGFIELD GARDENS,11412
4,BAYSIDE,11360
2,RIVERDALE,10463
5,WESTERLEIGH,10314
3,NAVY YARD,11205
5,WOODROW,10309
4,QUEENS VILLAGE,11427
4,GLENDALE,11421
2,WAKEFIELD,10466
3,FLATBUSH CENTRAL,11210
4,JACKSON HEIGHTS,11370
3,OCEAN PARKWAY NORTH,11218
2,CASTLE HILL UNIONPORT,10472
5,GREAT KILLS,10306
3,CROWN HEIGHTS,11238
3,RED HOOK,11231
4,FLORAL PARK,11004
5,CLOVE LAKES,10310
3,FLATLANDS,11234
4,ROCKAWAY PARK,11694
2,SOUNDVIEW,10473
3,EAST NEW YORK,11212
4,DOUGLASTON,11363
3,GRAVESEND,11223
4,HOLLIS,11428
2,KINGSBRIDGE HTS UNIV HTS,10453
3,BATH BEACH,11228
5,OAKWOOD BEACH,10306
5,MIDLAND BEACH,10306
5,GRANT CITY,10306
2,CROTONA PARK,10456
5,ROSSVILLE CHARLESTON,10309
4,JACKSON HEIGHTS,11372
2,KINGSBRIDGE JEROME PARK,10463
3,WILLIAMSBURG EAST,11206
3,CLINTON HILL,11238
1,CLINTON,10036
3,WYCKOFF HEIGHTS,11237
4,REGO PARK,11375
2,BEDFORD PARK NORWOOD,10467
3,GOWANUS,11215
3,FORT GREENE,11217
5,GRASMERE,10305
5,PLEASANT PLAINS,10309
2,PELHAM GARDENS,10469
4,ARVERNE,11692
4,MASPETH,11377
5,STAPLETON CLIFTON,10304
1,INWOOD,10463
5,GRANT CITY,10305
5,OAKWOOD,10306
5,DONGAN HILLS,10305
3,FLATBUSH NORTH,11225
3,FLATBUSH CENTRAL,11218
2,PARKCHESTER,10460
4,HAMMELS,11693
3,PARK SLOPE SOUTH,11215
3,PARK SLOPE,11217
5,SILVER LAKE,10301
4,ELMHURST,11377
4,ST ALBANS,11434
4,SUNNYSIDE,11101
3,OCEAN HILL,11221
3,BEDFORD STUYVESANT,11206
5,DONGAN HILLS,10304
4,HOLLIS,11427
4,LAURELTON,11422
3,OCEAN PARKWAY NORTH,11230
3,BUSHWICK,11206
5,NEW DORP BEACH,10306
2,MOUNT HOPE MOUNT EDEN,10457
4,GLEN OAKS,11040
4,QUEENS VILLAGE,11426
4,FRESH MEADOWS,11365
5,TOMPKINSVILLE,10301
3,CROWN HEIGHTS,11225
4,KEW GARDENS,11415
4,OAKLAND GARDENS,11364
4,ST ALBANS,11433
5,MIDLAND BEACH,10305
3,CROWN HEIGHTS,11233
4,ST ALBANS,11429
3,WINDSOR TERRACE,11215
1,HARLEM EAST,10035
3,BUSH TERMINAL,11232
4,HOLLIS,11412
5,GREAT KILLS BAY TERRACE,10306
5,GRYMES HILL,10301
3,WILLIAMSBURG CENTRAL,11249
2,PELHAM PARKWAY NORTH,10467
4,HOLLIS,11429
2,MORRISANIA LONGWOOD,10456
4,KEW GARDENS,11418
4,SUNNYSIDE,11104
1,HARLEM CENTRAL,10027
4,RICHMOND HILL,11416
2,MOTT HAVEN PORT MORRIS,10455
1,HARLEM CENTRAL,10026
3,BEDFORD STUYVESANT,11238
4,SUNNYSIDE,11377
3,WILLIAMSBURG SOUTH,11211
5,CONCORD FOX HILLS,10304
4,LONG ISLAND CITY,11106
3,SEAGATE,11224
3,OCEAN HILL,11212
5,TRAVIS,10314
4,DOUGLASTON,11362
2,HIGHBRIDGE MORRIS HEIGHTS,10452
2,FORDHAM,10457
1,HARLEM CENTRAL,10035
4,QUEENS VILLAGE,11411
2,WESTCHESTER,10462
4,BEECHHURST,11357
3,BOERUM HILL,11201
2,BATHGATE,10458
5,ARROCHAR SHORE ACRES,10305
3,BUSH TERMINAL,11220
2,KINGSBRIDGE JEROME PARK,10468
2,CASTLE HILL UNIONPORT,10473
3,WINDSOR TERRACE,11218
2,WOODLAWN,10470
4,JAMAICA,11433
2,EAST TREMONT,10457
3,FLATBUSH EAST,11226
3,CROWN HEIGHTS,11216
3,BOROUGH PARK,11218
4,HOLLISWOOD,11427
4,ELMHURST,11378
4,CORONA,11372
3,SPRING CREEK,11239
4,LITTLE NECK,11362
1,KIPS BAY,10016
1,LOWER EAST SIDE,10002
4,COLLEGE POINT,11357
3,PROSPECT HEIGHTS,11238
5,PORT IVORY,10303
3,BENSONHURST,11219
5,DONGAN HILLS COLONY,10304
2,FIELDSTON,10471
4,RICHMOND HILL,11417
3,BROOKLYN HEIGHTS,11201
2,CITY ISLAND,10464
4,COLLEGE POINT,11354
4,MIDDLE VILLAGE,11378
4,GLEN OAKS,11004
3,BOERUM HILL,11217
4,GLENDALE,11379
2,FORDHAM,10468
5,LIVINGSTON,10310
3,BAY RIDGE,11228
4,ST ALBANS,11411
3,BOROUGH PARK,11220
4,FOREST HILLS,11374
2,MORRISANIA LONGWOOD,10455
1,LITTLE ITALY,10013
4,HOLLIS,11432
3,MIDWOOD,11229
4,WOODHAVEN,11418
3,GRAVESEND,11224
5,GRYMES HILL,10304
2,FORDHAM,10453
5,GRANT CITY,10304
5,BULLS HEAD,10303
5,LIVINGSTON,10301
1,HARLEM CENTRAL,10030
3,COBBLE HILL WEST,11201
4,MIDDLE VILLAGE,11373
3,DYKER HEIGHTS,11219
3,GOWANUS,11231
1,WASHINGTON HEIGHTS LOWER,10032
3,FLATBUSH CENTRAL,11230
1,HARLEM CENTRAL,10037
4,GLENDALE,11375
2,WAKEFIELD,10470
2,MELROSE CONCOURSE,10451
4,CORONA,11373
1,HARLEM EAST,10029
5,GREAT KILLS BAY TERRACE,10308
5,WEST NEW BRIGHTON,10301
4,JAMAICA BAY,11693
2,BELMONT,10457
4,OZONE PARK,11420
3,CLINTON HILL,11205
1,HARLEM WEST,10027
2,FORDHAM,10458
5,CONCORD,10305
3,SHEEPSHEAD BAY,11223
2,PELHAM PARKWAY SOUTH,10462
4,SOUTH JAMAICA,11417
5,RICHMONDTOWN LIGHTHS HILL,10306
4,SOUTH JAMAICA,11434
5,WEST NEW BRIGHTON,10302
4,SPRINGFIELD GARDENS,11411
1,GREENWICH VILLAGE WEST,10014
4,ASTORIA,11370
4,GLEN OAKS,11426
4,SOUTH JAMAICA,11436
5,CLOVE LAKES,10301
2,BELMONT,10460
4,AIRPORT LA GUARDIA,11370
2,EAST TREMONT,10460
4,ASTORIA,11101
3,BEDFORD STUYVESANT,11213
3,SPRING CREEK,11208
4,FLUSHING NORTH,11367
3,FLATBUSH LEFFERTS GARDEN,11226
4,OZONE PARK,11414
1,MURRAY HILL,10016
5,EMERSON HILL,10301
4,QUEENS VILLAGE,11412
4,OZONE PARK,11419
4,RICHMOND HILL,11420
4,MIDDLE VILLAGE,11385
1,INWOOD,10034
2,KINGSBRIDGE HTS UNIV HTS,10463
1,HARLEM WEST,10031
3,OCEAN PARKWAY SOUTH,11235
4,JAMAICA BAY,11692
4,JAMAICA BAY,11691
3,COBBLE HILL,11231
4,EAST ELMHURST,11368
4,RIDGEWOOD,11379
1,UPPER WEST SIDE (59 79),10023
5,SILVER LAKE,10310
2,MOUNT HOPE MOUNT EDEN,10453
3,FLATBUSH EAST,11236
4,FLUSHING NORTH,11364
3,MADISON,11223
5,ARDEN HEIGHTS,10309
3,BOROUGH PARK,11230
4,REGO PARK,11373
3,FORT GREENE,11238
4,HAMMELS,11694
4,HOLLIS,11433
4,JAMAICA HILLS,11435
5,STATEN ISLAND UNKNOWN,10309
4,CORONA,11416
4,FLORAL PARK,11040
3,WILLIAMSBURG CENTRAL,11206
5,NEW SPRINGVILLE,10306
2,BRONX PARK,10460
4,HAMMELS,11692
4,WOODSIDE,11104
4,LONG ISLAND CITY,11104
1,MANHATTAN VALLEY,10026
2,BEDFORD PARK NORWOOD,10468
2,CO OP CITY,10475
4,COLLEGE POINT,11420
1,UPPER WEST SIDE (79 96),10024
2,MELROSE CONCOURSE,10455
3,WILLIAMSBURG SOUTH,11249
5,ROSSVILLE RICHMOND VALLEY,10309
5,DONGAN HILLS OLD TOWN,10305
4,ASTORIA,11377
1,MIDTOWN WEST,10019
5,CLOVE LAKES,10314
4,EAST ELMHURST,11102
5,SUNNYSIDE,10314
3,PROSPECT HEIGHTS,11217
3,WILLIAMSBURG EAST,11237
4,ELMHURST,11368
4,BELLEROSE,11004
2,CROTONA PARK,10459
5,MARINERS HARBOR,10312
3,BOROUGH PARK,11232
4,WOODHAVEN,11416
4,JAMAICA,11434
1,WASHINGTON HEIGHTS LOWER,10033
3,CARROLL GARDENS,11217
4,LAURELTON,11411
3,BROWNSVILLE,11207
5,STAPLETON,10301
2,MORRISANIA LONGWOOD,10451
3,OCEAN HILL,11207
4,BAYSIDE,11357
4,SPRINGFIELD GARDENS,11436
3,CANARSIE,11212
2,MOTT HAVEN PORT MORRIS,10451
1,WASHINGTON HEIGHTS UPPER,10033
4,BAYSIDE,11102
4,FLUSHING NORTH,11361
5,TOTTENVILLE,10309
4,CAMBRIA HEIGHTS,11429
4,HILLCREST,11366
1,FLATIRON,10010
5,EMERSON HILL,10304
1,UPPER EAST SIDE (79 96),10028
3,COBBLE HILL,11201
5,NEW BRIGHTON ST GEORGE,10301
1,GREENWICH VILLAGE CENTRAL,10012
3,WILLIAMSBURG NORTH,11249
4,MIDDLE VILLAGE,11374
2,MOUNT HOPE MOUNT EDEN,10456
3,BROOKLYN UNKNOWN,11205
4,FLUSHING MEADOW PARK,11368
1,SOUTHBRIDGE,10038
1,MIDTOWN EAST,10017
2,CROTONA PARK,10457
4,ELMHURST,11372
4,JAMAICA BAY,11422
1,UPPER EAST SIDE (79 96),10128
1,UPPER EAST SIDE (59 79),10021
1,CHINATOWN,10002
3,EAST NEW YORK,11416
4,MASPETH,11385
4,FAR ROCKAWAY,11696
1,HARLEM CENTRAL,10031
5,TODT HILL,10304
3,BENSONHURST,11223
5,ROSSVILLE CHARLESTON,10304
1,CHELSEA,10001
1,UPPER EAST SIDE (59 79),10065
4,SO JAMAICA BAISLEY PARK,11420
1,SOHO,10012
5,FRESH KILLS,10312
1,MIDTOWN WEST,10036
2,BATHGATE,10456
4,BELLEROSE,11001
3,DOWNTOWN FULTON MALL,11217
4,QUEENS VILLAGE,11417
3,DOWNTOWN FULTON FERRY,11201
1,GRAMERCY,10010
1,HARLEM UPPER,10032
1,EAST VILLAGE,10003
4,SOUTH JAMAICA,11419
3,SHEEPSHEAD BAY,11206
3,BROWNSVILLE,11218
2,BRONX PARK,10467
1,ALPHABET CITY,10009
4,SO JAMAICA BAISLEY PARK,11357
3,WILLIAMSBURG EAST,11222
4,JAMAICA ESTATES,11423
5,CASTLETON CORNERS,10302
3,BUSHWICK,11230
4,HOLLIS HILLS,11364
3,GREENPOINT,11211
4,WHITESTONE,11356
5,PLEASANT PLAINS,10307
4,OZONE PARK,11421
4,LAURELTON,11420
3,FLATBUSH EAST,11218
4,SPRINGFIELD GARDENS,11420
2,MOUNT HOPE MOUNT EDEN,10452
3,CROWN HEIGHTS,11236
1,WASHINGTON HEIGHTS UPPER,10040
4,JACKSON HEIGHTS,11432
5,WOODROW,10312
3,FLATBUSH NORTH,11226
1,UPPER EAST SIDE (59 79),10022
4,CORONA,11101
4,BELLEROSE,11428
4,FLUSHING NORTH,11363
3,CROWN HEIGHTS,11218
4,MASPETH,11373
1,INWOOD,10021
4,SOUTH OZONE PARK,11356
4,JAMAICA HILLS,11414
1,JAVITS CENTER,10018
4,ROSEDALE,11357
5,MARINERS HARBOR,10302
3,FLATBUSH CENTRAL,11203
4,EAST ELMHURST,11417
4,LONG ISLAND CITY,11102
5,GRYMES HILL,10314
5,PORT IVORY,10305
1,FLATIRON,10003
4,HOLLIS HILLS,11421
4,FLUSHING SOUTH,11354
3,CYPRESS HILLS,11223
1,CLINTON,10019
4,BRIARWOOD,11436
4,JAMAICA HILLS,11421
3,DOWNTOWN METROTECH,11201
5,TODT HILL,10301
1,TRIBECA,10013
1,FINANCIAL,10038
1,SOHO,10013
1,FASHION,10001
4,BAYSIDE,11693
5,PRINCES BAY,10305
4,SO JAMAICA BAISLEY PARK,11430
3,CANARSIE,11204
4,GLENDALE,11374
4,FLUSHING NORTH,11106
3,FLATBUSH CENTRAL,11229
4,CAMBRIA HEIGHTS,11420
1,EAST VILLAGE,10009
3,BATH BEACH,11215
3,FLATBUSH LEFFERTS GARDEN,11203
4,WHITESTONE,11105
3,GRAVESEND,11219
3,BROOKLYN UNKNOWN,11235
5,TRAVIS,10301
3,WILLIAMSBURG CENTRAL,11205
1,UPPER WEST SIDE (79 96),10025
2,BRONX PARK,10462
4,HILLCREST,11435
4,SPRINGFIELD GARDENS,11358
3,BROOKLYN UNKNOWN,11210
2,CITY ISLAND PELHAM STRIP,10803
5,TOTTENVILLE,10305
3,FLATBUSH NORTH,11213
3,SUNSET PARK,11219
1,KIPS BAY,10003
1,MIDTOWN EAST,10022
1,FINANCIAL,10004
5,NEW DORP HEIGHTS,10305
3,CANARSIE,11207
2,HIGHBRIDGE MORRIS HEIGHTS,10458
1,FASHION,10018
4,FLUSHING NORTH,11360
1,UPPER WEST SIDE (96 116),10025
4,FLUSHING MEADOW PARK,11375
5,STAPLETON CLIFTON,10305
3,FLATBUSH CENTRAL,11225
3,GRAVESEND,11235
3,CROWN HEIGHTS,11234
1,UPPER EAST SIDE (79 96),10021
5,ROSSVILLE PORT MOBIL,10309
5,WOODROW,10306
4,FLUSHING NORTH,11368
4,WOODSIDE,11101
3,OCEAN HILL,11217
4,HILLCREST,11367
4,EAST ELMHURST,11106
2,VAN CORTLANDT PARK,10463
3,BAY RIDGE,11219
3,DOWNTOWN FULTON MALL,11201
4,ST ALBANS,11420
5,TOTTENVILLE,10301
4,QUEENS VILLAGE,11416
4,BAYSIDE,11101
5,MANOR HEIGHTS,10306
3,BERGEN BEACH,11235
4,CORONA,11363
1,GREENWICH VILLAGE CENTRAL,10003
1,LITTLE ITALY,10012
5,ROSEBANK,10302
1,CHINATOWN,10038
3,BUSHWICK,11233
4,WOODSIDE,11106
3,CROWN HEIGHTS,11203
4,CORONA,11106
5,WESTERLEIGH,10305
4,ST ALBANS,11360
4,COLLEGE POINT,11411
1,GREENWICH VILLAGE CENTRAL,10011
3,FLATBUSH CENTRAL,11207
5,LIVINGSTON,10314
1,GRAMERCY,10003
4,HOLLIS,11421
4,COLLEGE POINT,11413
1,CHINATOWN,10013
2,KINGSBRIDGE JEROME PARK,10471
4,FLUSHING NORTH,11377
4,RICHMOND HILL,11379
3,MIDWOOD,11223
4,JACKSON HEIGHTS,11102
1,UPPER WEST SIDE (59 79),10024
3,BROWNSVILLE,11221
4,HOWARD BEACH,11430
5,STAPLETON,10305
3,CANARSIE,11239
5,ROSEBANK,10304
4,BRIARWOOD,11420
5,WILLOWBROOK,10302
4,HOLLIS,11416
4,OAKLAND GARDENS,11360
3,GRAVESEND,11229
3,OCEAN PARKWAY SOUTH,11229
5,SOUTH BEACH,10314
5,NEW DORP BEACH,10309
3,CANARSIE,11228
3,CANARSIE,11214
4,ELMHURST,11385
3,BROOKLYN UNKNOWN,11234
3,CLINTON HILL,11227
4,ROCKAWAY PARK,11697
1,GREENWICH VILLAGE WEST,10011
2,VAN CORTLANDT PARK,10471
5,GREAT KILLS,10301
4,ROSEDALE,11420
4,SO JAMAICA BAISLEY PARK,11435
3,FLATBUSH EAST,11219
4,FLORAL PARK,11421
3,BRIGHTON BEACH,11223
3,BROWNSVILLE,11209
4,QUEENS UNKNOWN,11435
4,HOWARD BEACH,11416
3,PARK SLOPE,11238
3,CARROLL GARDENS,11201
4,ROSEDALE,11434
3,BROOKLYN UNKNOWN,11229
5,MANOR HEIGHTS,10301
5,ROSEBANK,10301
4,HOLLIS,11697
3,PARK SLOPE SOUTH,11226
3,CYPRESS HILLS,11201
4,ASTORIA,11361
5,BLOOMFIELD,10314
4,EAST ELMHURST,11416
1,FINANCIAL,10005
3,CANARSIE,11230
4,FLUSHING SOUTH,11375
1,UPPER EAST SIDE (79 96),10075
2,MOUNT HOPE MOUNT EDEN,10460
3,BROOKLYN UNKNOWN,11225
5,GREAT KILLS BAY TERRACE,10305
3,CROWN HEIGHTS,11201
5,GRASMERE,10310
5,GREAT KILLS,10305
4,OZONE PARK,11435
4,WHITESTONE,11436
4,QUEENS VILLAGE,11420
3,BUSHWICK,11227
4,COLLEGE POINT,11102
4,FLUSHING NORTH,11102
4,FOREST HILLS,11421
3,OCEAN PARKWAY NORTH,11201
3,CANARSIE,11226
4,MASPETH,11101
1,FLATIRON,10011
3,OCEAN HILL,11201
5,ELTINGVILLE,10308
5,NEW DORP,10314
1,HARLEM CENTRAL,10039
1,UPPER WEST SIDE (79 96),10023
4,SOUTH JAMAICA,11420
4,OZONE PARK,11434
1,UPPER EAST SIDE (59 79),10075
5,PLEASANT PLAINS,10305
4,QUEENS UNKNOWN,11372
5,WEST NEW BRIGHTON,10303
3,BERGEN BEACH,11230
